Workbook

Sheet Resumo
B2: BTG PACTUAL · RESUMO DE INVENTÁRIO (PARA COBRANÇA)
B3: Atualize 1× por mês: cole o Custo Total dos Dashboards dos dois inventários abaixo.
B5: FONTE | C5: ARQUIVO | D5: ABA · CÉLULA | E5: CUSTO TOTAL (R$) | F5: ATUALIZADO EM
B6: ESTOQUE EVENTOS | C6: 01_Inventário_Eventos_BTG.xlsx | D6: Dashboard · H6 | E6: 0
B7: ESTOQUE STORE | C7: 02_Inventário_Store_BTG.xlsx | D7: Dashboard · H6 | E7: 0
B8: CUSTO TOTAL DO ESTOQUE | E8: =E6+E7 -> 0
B9: AD VALOREM MENSAL (0,50%) | E9: =E8*0.005 -> 0
B12: COMO ATUALIZAR
B13: 1. Abra `01_Inventário_Eventos_BTG.xlsx` → aba Dashboard → copie o valor da célula H6 (CUSTO TOTAL DO ESTOQUE).
B14: 2. Cole o valor na célula E6 desta aba (linha ESTOQUE EVENTOS).
B15: 3. Abra `02_Inventário_Store_BTG.xlsx` → aba Dashboard → copie o valor da célula H6.
B16: 4. Cole o valor na célula E7 desta aba (linha ESTOQUE STORE).
B17: 5. Preencha a data de atualização na coluna F.
B18: 6. Pronto! Todas as 9 abas de meses (ABRIL/26 a DEZEMBRO/26) puxam automaticamente o Ad Valorem desta aba.
G29: 46155

Sheet MAIO 26
A1: BTG PACTUAL · MODELO DE COBRANÇA — ARMAZENAMENTO & SERVIÇOS
A2: Competência: MAIO/2026 · Cliente: BTG Pactual | B2: Pallets armazenados: | D2: =C7 -> 63
A5: SERVIÇO / ITEM | B5: UNIDADE | C5: QTDE | D5: VALOR UNIT. LPU (R$) | E5: TOTAL (R$) | F5: OBSERVAÇÃO | G5: DATAS DAS SOLICITAÇÕES
A6: 📦 ARMAZENAMENTO
A7: Posição Pallet – Armazenamento mensal | B7: Pallet/mês | C7: 63 | D7: 53.5 | E7: =C7*D7 -> 3370.5
A8: Custo Posição Prateleira | B8: Posição/mês | D8: 53.5 | E8: =C8*D8 -> 0
A9: → Quantidade de móveis armazenados | B9: Peça(s) | C9: 0 | D9: — | E9: — | F9: Informativo (sem cobrança)
A10: → Quantidade de produtos armazenados | B10: Peça(s) | C10: 0 | D10: — | E10: — | F10: Informativo (sem cobrança)
A11: 💰 AD VALOREM (SEGURO SOBRE VALOR DO ESTOQUE)
A12: → Custo Total do Estoque (puxado da aba Resumo) | E12: =285981.06+390295 -> 676276.06
A13: Ad Valorem – 0,50% sobre valor do estoque | B13: — | C13: — | D13: 0.005 | E13: =E12*D13 -> 3381.3803 | F13: Calculado automaticamente
A14: 📥 RECEBIMENTO
A15: Recebimento por Pedido – Palete | B15: Palete | C15: 0 | D15: 30 | E15: =C15*D15 -> 0
A16: Recebimento por Pedido – Caixa | B16: Caixa | C16: 0 | D16: 10 | E16: =C16*D16 -> 0
A17: Recebimento por Pedido – Peça | B17: Lote | C17: 0 | D17: 350 | E17: =C17*D17 -> 0
A18: 📤 EXPEDIÇÃO
A19: Expedição por Pedido – Palete | B19: Palete | C19: 0 | D19: 30 | E19: =C19*D19 -> 0
A20: Expedição por Pedido – Caixa | B20: Caixa | C20: 0 | D20: 10 | E20: =C20*D20 -> 0
A21: Expedição por Pedido – Peça | B21: Peça | C21: 0 | D21: 10 | E21: =C21*D21 -> 0
A22: ⚙️ SERVIÇOS DE VALOR AGREGADO
A23: Movimentação Estoque Sistêmico | B23: Evento/mês | C23: 0 | D23: 350 | E23: =C23*D23 -> 0
A24: Embalagem (caixa, fita, stretch, bolha) | B24: Kit | C24: 0 | D24: 20 | E24: =C24*D24 -> 0
A25: Etiquetagem | B25: Etiqueta | C25: 0 | D25: 1.2 | E25: =C25*D25 -> 0
A26: Montagem de Kits | B26: Kit | C26: 0 | D26: 3 | E26: =C26*D26 -> 0
A27: Inventário Físico x Sistêmico | B27: Item | C27: 0 | D27: 0.2 | E27: =C27*D27 -> 0
A28: 🚚 ABASTECIMENTO / TRANSPORTE
A29: Abastecimento BTG SP – 350kg/Semanal | B29: Semana | C29: 3 | D29: 184.68 | E29: =C29*D29 -> 554.04 | G29: 06/05 Solicitação Thadeu ; 14/05/2026 ; 20/05/2026
A30: Abastecimento BTG RJ – 350kg/Quinzenal | B30: Quinzena | C30: 0 | D30: 761.91 | E30: =C30*D30 -> 0 | G30: 46150
A33: TOTAL DOS SERVIÇOS | E33: =E7+E8+E13+SUM(E15:E17)+SUM(E19:E21)+SUM(E23:E27)+SUM(E29:E30) -> 7305.9203

Sheet JUNHO 26
A1: BTG PACTUAL · MODELO DE COBRANÇA — ARMAZENAMENTO & SERVIÇOS
A2: Competência: JUNHO/2026 · Cliente: BTG Pactual · Pallets armazenados: 15
A5: SERVIÇO / ITEM | B5: UNIDADE | C5: QTDE | D5: VALOR UNIT. LPU (R$) | E5: TOTAL (R$) | F5: OBSERVAÇÃO | G5: DATAS DAS SOLICITAÇÕES
A6: 📦 ARMAZENAMENTO
A7: Posição Pallet – Armazenamento mensal | B7: Pallet/mês | C7: 65 | D7: 53.5 | E7: =C7*D7 -> 3477.5
A8: Custo Posição Prateleira | B8: Posição/mês | D8: 53.5 | E8: =C8*D8 -> 0
A9: → Quantidade de móveis armazenados | B9: Peça(s) | C9: 0 | D9: — | E9: — | F9: Informativo (sem cobrança)
A10: → Quantidade de produtos armazenados | B10: Peça(s) | C10: 0 | D10: — | E10: — | F10: Informativo (sem cobrança)
A11: 💰 AD VALOREM (SEGURO SOBRE VALOR DO ESTOQUE)
A12: → Custo Total do Estoque (puxado da aba Resumo) | E12: =Resumo!$E$8 -> 0 | F12: Atualize a aba Resumo ↑
A13: Ad Valorem – 0,50% sobre valor do estoque | B13: — | C13: — | D13: 0.005 | E13: =E12*D13 -> 0 | F13: Calculado automaticamente
A14: 📥 RECEBIMENTO
A15: Recebimento por Pedido – Palete | B15: Palete | C15: 0 | D15: 30 | E15: =C15*D15 -> 0
A16: Recebimento por Pedido – Caixa | B16: Caixa | C16: 0 | D16: 10 | E16: =C16*D16 -> 0
A17: Recebimento por Pedido – Peça | B17: Lote | C17: 0 | D17: 350 | E17: =C17*D17 -> 0
A18: 📤 EXPEDIÇÃO
A19: Expedição por Pedido – Palete | B19: Palete | C19: 0 | D19: 30 | E19: =C19*D19 -> 0
A20: Expedição por Pedido – Caixa | B20: Caixa | C20: 0 | D20: 10 | E20: =C20*D20 -> 0
A21: Expedição por Pedido – Peça | B21: Peça | C21: 0 | D21: 10 | E21: =C21*D21 -> 0
A22: ⚙️ SERVIÇOS DE VALOR AGREGADO
A23: Movimentação Estoque Sistêmico | B23: Evento/mês | C23: 1 | D23: 350 | E23: =C23*D23 -> 350
A24: Embalagem (caixa, fita, stretch, bolha) | B24: Kit | C24: 19 | D24: 20 | E24: =C24*D24 -> 380
A25: Etiquetagem | B25: Etiqueta | C25: 65 | D25: 1.2 | E25: =C25*D25 -> 78
A26: Montagem de Kits | B26: Kit | C26: 0 | D26: 3 | E26: =C26*D26 -> 0
A27: Inventário Físico x Sistêmico | B27: Item | C27: 3471 | D27: 0.2 | E27: =C27*D27 -> 694.2
A28: 🚚 ABASTECIMENTO / TRANSPORTE
A29: Abastecimento BTG SP – 350kg/Semanal | B29: Semana | C29: 2 | D29: 184.68 | E29: =C29*D29 -> 369.36
A30: Abastecimento BTG RJ – 350kg/Quinzenal | B30: Quinzena | C30: 0 | D30: 761.91 | E30: =C30*D30 -> 0
A33: TOTAL DOS SERVIÇOS | E33: =E7+E8+E13+SUM(E15:E17)+SUM(E19:E21)+SUM(E23:E27)+SUM(E29:E30) -> 5349.06

Sheet JULHO 26
A1: BTG PACTUAL · MODELO DE COBRANÇA — ARMAZENAMENTO & SERVIÇOS
A2: Competência: JULHO/2026 · Cliente: BTG Pactual · Pallets armazenados: 15
A5: SERVIÇO / ITEM | B5: UNIDADE | C5: QTDE | D5: VALOR UNIT. LPU (R$) | E5: TOTAL (R$) | F5: OBSERVAÇÃO | G5: DATAS DAS SOLICITAÇÕES
A6: 📦 ARMAZENAMENTO
A7: Posição Pallet – Armazenamento mensal | B7: Pallet/mês | C7: 65 | D7: 53.5 | E7: =C7*D7 -> 3477.5
A8: Custo Posição Prateleira | B8: Posição/mês | D8: 53.5 | E8: =C8*D8 -> 0
A9: → Quantidade de móveis armazenados | B9: Peça(s) | C9: 0 | D9: — | E9: — | F9: Informativo (sem cobrança)
A10: → Quantidade de produtos armazenados | B10: Peça(s) | C10: 0 | D10: — | E10: — | F10: Informativo (sem cobrança)
A11: 💰 AD VALOREM (SEGURO SOBRE VALOR DO ESTOQUE)
A12: → Custo Total do Estoque (puxado da aba Resumo) | E12: =Resumo!$E$8 -> 0 | F12: Atualize a aba Resumo ↑
A13: Ad Valorem – 0,50% sobre valor do estoque | B13: — | C13: — | D13: 0.005 | E13: =E12*D13 -> 0 | F13: Calculado automaticamente
A14: 📥 RECEBIMENTO
A15: Recebimento por Pedido – Palete | B15: Palete | C15: 0 | D15: 30 | E15: =C15*D15 -> 0
A16: Recebimento por Pedido – Caixa | B16: Caixa | C16: 0 | D16: 10 | E16: =C16*D16 -> 0
A17: Recebimento por Pedido – Peça | B17: Lote | C17: 0 | D17: 350 | E17: =C17*D17 -> 0
A18: 📤 EXPEDIÇÃO
A19: Expedição por Pedido – Palete | B19: Palete | C19: 0 | D19: 30 | E19: =C19*D19 -> 0
A20: Expedição por Pedido – Caixa | B20: Caixa | C20: 0 | D20: 10 | E20: =C20*D20 -> 0
A21: Expedição por Pedido – Peça | B21: Peça | C21: 0 | D21: 10 | E21: =C21*D21 -> 0
A22: ⚙️ SERVIÇOS DE VALOR AGREGADO
A23: Movimentação Estoque Sistêmico | B23: Evento/mês | C23: 1 | D23: 350 | E23: =C23*D23 -> 350
A24: Embalagem (caixa, fita, stretch, bolha) | B24: Kit | C24: 19 | D24: 20 | E24: =C24*D24 -> 380
A25: Etiquetagem | B25: Etiqueta | C25: 65 | D25: 1.2 | E25: =C25*D25 -> 78
A26: Montagem de Kits | B26: Kit | C26: 0 | D26: 3 | E26: =C26*D26 -> 0
A27: Inventário Físico x Sistêmico | B27: Item | C27: 3471 | D27: 0.2 | E27: =C27*D27 -> 694.2
A28: 🚚 ABASTECIMENTO / TRANSPORTE
A29: Abastecimento BTG SP – 350kg/Semanal | B29: Semana | C29: 2 | D29: 184.68 | E29: =C29*D29 -> 369.36
A30: Abastecimento BTG RJ – 350kg/Quinzenal | B30: Quinzena | C30: 0 | D30: 761.91 | E30: =C30*D30 -> 0
A33: TOTAL DOS SERVIÇOS | E33: =E7+E8+E13+SUM(E15:E17)+SUM(E19:E21)+SUM(E23:E27)+SUM(E29:E30) -> 5349.06

Sheet AGOSTO 26
A1: BTG PACTUAL · MODELO DE COBRANÇA — ARMAZENAMENTO & SERVIÇOS
A2: Competência: AGOSTO/2026 · Cliente: BTG Pactual · Pallets armazenados: 15
A5: SERVIÇO / ITEM | B5: UNIDADE | C5: QTDE | D5: VALOR UNIT. LPU (R$) | E5: TOTAL (R$) | F5: OBSERVAÇÃO | G5: DATAS DAS SOLICITAÇÕES
A6: 📦 ARMAZENAMENTO
A7: Posição Pallet – Armazenamento mensal | B7: Pallet/mês | C7: 65 | D7: 53.5 | E7: =C7*D7 -> 3477.5
A8: Custo Posição Prateleira | B8: Posição/mês | D8: 53.5 | E8: =C8*D8 -> 0
A9: → Quantidade de móveis armazenados | B9: Peça(s) | C9: 0 | D9: — | E9: — | F9: Informativo (sem cobrança)
A10: → Quantidade de produtos armazenados | B10: Peça(s) | C10: 0 | D10: — | E10: — | F10: Informativo (sem cobrança)
A11: 💰 AD VALOREM (SEGURO SOBRE VALOR DO ESTOQUE)
A12: → Custo Total do Estoque (puxado da aba Resumo) | E12: =Resumo!$E$8 -> 0 | F12: Atualize a aba Resumo ↑
A13: Ad Valorem – 0,50% sobre valor do estoque | B13: — | C13: — | D13: 0.005 | E13: =E12*D13 -> 0 | F13: Calculado automaticamente
A14: 📥 RECEBIMENTO
A15: Recebimento por Pedido – Palete | B15: Palete | C15: 0 | D15: 30 | E15: =C15*D15 -> 0
A16: Recebimento por Pedido – Caixa | B16: Caixa | C16: 0 | D16: 10 | E16: =C16*D16 -> 0
A17: Recebimento por Pedido – Peça | B17: Lote | C17: 0 | D17: 350 | E17: =C17*D17 -> 0
A18: 📤 EXPEDIÇÃO
A19: Expedição por Pedido – Palete | B19: Palete | C19: 0 | D19: 30 | E19: =C19*D19 -> 0
A20: Expedição por Pedido – Caixa | B20: Caixa | C20: 0 | D20: 10 | E20: =C20*D20 -> 0
A21: Expedição por Pedido – Peça | B21: Peça | C21: 0 | D21: 10 | E21: =C21*D21 -> 0
A22: ⚙️ SERVIÇOS DE VALOR AGREGADO
A23: Movimentação Estoque Sistêmico | B23: Evento/mês | C23: 1 | D23: 350 | E23: =C23*D23 -> 350
A24: Embalagem (caixa, fita, stretch, bolha) | B24: Kit | C24: 19 | D24: 20 | E24: =C24*D24 -> 380
A25: Etiquetagem | B25: Etiqueta | C25: 65 | D25: 1.2 | E25: =C25*D25 -> 78
A26: Montagem de Kits | B26: Kit | C26: 0 | D26: 3 | E26: =C26*D26 -> 0
A27: Inventário Físico x Sistêmico | B27: Item | C27: 3471 | D27: 0.2 | E27: =C27*D27 -> 694.2
A28: 🚚 ABASTECIMENTO / TRANSPORTE
A29: Abastecimento BTG SP – 350kg/Semanal | B29: Semana | C29: 2 | D29: 184.68 | E29: =C29*D29 -> 369.36
A30: Abastecimento BTG RJ – 350kg/Quinzenal | B30: Quinzena | C30: 0 | D30: 761.91 | E30: =C30*D30 -> 0
A33: TOTAL DOS SERVIÇOS | E33: =E7+E8+E13+SUM(E15:E17)+SUM(E19:E21)+SUM(E23:E27)+SUM(E29:E30) -> 5349.06

Sheet SETEMBRO 26
A1: BTG PACTUAL · MODELO DE COBRANÇA — ARMAZENAMENTO & SERVIÇOS
A2: Competência: SETEMBRO/2026 · Cliente: BTG Pactual · Pallets armazenados: 15
A5: SERVIÇO / ITEM | B5: UNIDADE | C5: QTDE | D5: VALOR UNIT. LPU (R$) | E5: TOTAL (R$) | F5: OBSERVAÇÃO | G5: DATAS DAS SOLICITAÇÕES
A6: 📦 ARMAZENAMENTO
A7: Posição Pallet – Armazenamento mensal | B7: Pallet/mês | C7: 65 | D7: 53.5 | E7: =C7*D7 -> 3477.5
A8: Custo Posição Prateleira | B8: Posição/mês | D8: 53.5 | E8: =C8*D8 -> 0
A9: → Quantidade de móveis armazenados | B9: Peça(s) | C9: 0 | D9: — | E9: — | F9: Informativo (sem cobrança)
A10: → Quantidade de produtos armazenados | B10: Peça(s) | C10: 0 | D10: — | E10: — | F10: Informativo (sem cobrança)
A11: 💰 AD VALOREM (SEGURO SOBRE VALOR DO ESTOQUE)
A12: → Custo Total do Estoque (puxado da aba Resumo) | E12: =Resumo!$E$8 -> 0 | F12: Atualize a aba Resumo ↑
A13: Ad Valorem – 0,50% sobre valor do estoque | B13: — | C13: — | D13: 0.005 | E13: =E12*D13 -> 0 | F13: Calculado automaticamente
A14: 📥 RECEBIMENTO
A15: Recebimento por Pedido – Palete | B15: Palete | C15: 0 | D15: 30 | E15: =C15*D15 -> 0
A16: Recebimento por Pedido – Caixa | B16: Caixa | C16: 0 | D16: 10 | E16: =C16*D16 -> 0
A17: Recebimento por Pedido – Peça | B17: Lote | C17: 0 | D17: 350 | E17: =C17*D17 -> 0
A18: 📤 EXPEDIÇÃO
A19: Expedição por Pedido – Palete | B19: Palete | C19: 0 | D19: 30 | E19: =C19*D19 -> 0
A20: Expedição por Pedido – Caixa | B20: Caixa | C20: 0 | D20: 10 | E20: =C20*D20 -> 0
A21: Expedição por Pedido – Peça | B21: Peça | C21: 0 | D21: 10 | E21: =C21*D21 -> 0
A22: ⚙️ SERVIÇOS DE VALOR AGREGADO
A23: Movimentação Estoque Sistêmico | B23: Evento/mês | C23: 1 | D23: 350 | E23: =C23*D23 -> 350
A24: Embalagem (caixa, fita, stretch, bolha) | B24: Kit | C24: 19 | D24: 20 | E24: =C24*D24 -> 380
A25: Etiquetagem | B25: Etiqueta | C25: 65 | D25: 1.2 | E25: =C25*D25 -> 78
A26: Montagem de Kits | B26: Kit | C26: 0 | D26: 3 | E26: =C26*D26 -> 0
A27: Inventário Físico x Sistêmico | B27: Item | C27: 3471 | D27: 0.2 | E27: =C27*D27 -> 694.2
A28: 🚚 ABASTECIMENTO / TRANSPORTE
A29: Abastecimento BTG SP – 350kg/Semanal | B29: Semana | C29: 2 | D29: 184.68 | E29: =C29*D29 -> 369.36
A30: Abastecimento BTG RJ – 350kg/Quinzenal | B30: Quinzena | C30: 0 | D30: 761.91 | E30: =C30*D30 -> 0
A33: TOTAL DOS SERVIÇOS | E33: =E7+E8+E13+SUM(E15:E17)+SUM(E19:E21)+SUM(E23:E27)+SUM(E29:E30) -> 5349.06

Sheet OUTUBRO 26
A1: BTG PACTUAL · MODELO DE COBRANÇA — ARMAZENAMENTO & SERVIÇOS
A2: Competência: OUTUBRO/2026 · Cliente: BTG Pactual · Pallets armazenados: 15
A5: SERVIÇO / ITEM | B5: UNIDADE | C5: QTDE | D5: VALOR UNIT. LPU (R$) | E5: TOTAL (R$) | F5: OBSERVAÇÃO | G5: DATAS DAS SOLICITAÇÕES
A6: 📦 ARMAZENAMENTO
A7: Posição Pallet – Armazenamento mensal | B7: Pallet/mês | C7: 65 | D7: 53.5 | E7: =C7*D7 -> 3477.5
A8: Custo Posição Prateleira | B8: Posição/mês | D8: 53.5 | E8: =C8*D8 -> 0
A9: → Quantidade de móveis armazenados | B9: Peça(s) | C9: 0 | D9: — | E9: — | F9: Informativo (sem cobrança)
A10: → Quantidade de produtos armazenados | B10: Peça(s) | C10: 0 | D10: — | E10: — | F10: Informativo (sem cobrança)
A11: 💰 AD VALOREM (SEGURO SOBRE VALOR DO ESTOQUE)
A12: → Custo Total do Estoque (puxado da aba Resumo) | E12: =Resumo!$E$8 -> 0 | F12: Atualize a aba Resumo ↑
A13: Ad Valorem – 0,50% sobre valor do estoque | B13: — | C13: — | D13: 0.005 | E13: =E12*D13 -> 0 | F13: Calculado automaticamente
A14: 📥 RECEBIMENTO
A15: Recebimento por Pedido – Palete | B15: Palete | C15: 0 | D15: 30 | E15: =C15*D15 -> 0
A16: Recebimento por Pedido – Caixa | B16: Caixa | C16: 0 | D16: 10 | E16: =C16*D16 -> 0
A17: Recebimento por Pedido – Peça | B17: Lote | C17: 0 | D17: 350 | E17: =C17*D17 -> 0
A18: 📤 EXPEDIÇÃO
A19: Expedição por Pedido – Palete | B19: Palete | C19: 0 | D19: 30 | E19: =C19*D19 -> 0
A20: Expedição por Pedido – Caixa | B20: Caixa | C20: 0 | D20: 10 | E20: =C20*D20 -> 0
A21: Expedição por Pedido – Peça | B21: Peça | C21: 0 | D21: 10 | E21: =C21*D21 -> 0
A22: ⚙️ SERVIÇOS DE VALOR AGREGADO
A23: Movimentação Estoque Sistêmico | B23: Evento/mês | C23: 1 | D23: 350 | E23: =C23*D23 -> 350
A24: Embalagem (caixa, fita, stretch, bolha) | B24: Kit | C24: 19 | D24: 20 | E24: =C24*D24 -> 380
A25: Etiquetagem | B25: Etiqueta | C25: 65 | D25: 1.2 | E25: =C25*D25 -> 78
A26: Montagem de Kits | B26: Kit | C26: 0 | D26: 3 | E26: =C26*D26 -> 0
A27: Inventário Físico x Sistêmico | B27: Item | C27: 3471 | D27: 0.2 | E27: =C27*D27 -> 694.2
A28: 🚚 ABASTECIMENTO / TRANSPORTE
A29: Abastecimento BTG SP – 350kg/Semanal | B29: Semana | C29: 2 | D29: 184.68 | E29: =C29*D29 -> 369.36
A30: Abastecimento BTG RJ – 350kg/Quinzenal | B30: Quinzena | C30: 0 | D30: 761.91 | E30: =C30*D30 -> 0
A33: TOTAL DOS SERVIÇOS | E33: =E7+E8+E13+SUM(E15:E17)+SUM(E19:E21)+SUM(E23:E27)+SUM(E29:E30) -> 5349.06

Sheet NOVEMBRO 26
A1: BTG PACTUAL · MODELO DE COBRANÇA — ARMAZENAMENTO & SERVIÇOS
A2: Competência: NOVEMBRO/2026 · Cliente: BTG Pactual · Pallets armazenados: 15
A5: SERVIÇO / ITEM | B5: UNIDADE | C5: QTDE | D5: VALOR UNIT. LPU (R$) | E5: TOTAL (R$) | F5: OBSERVAÇÃO | G5: DATAS DAS SOLICITAÇÕES
A6: 📦 ARMAZENAMENTO
A7: Posição Pallet – Armazenamento mensal | B7: Pallet/mês | C7: 65 | D7: 53.5 | E7: =C7*D7 -> 3477.5
A8: Custo Posição Prateleira | B8: Posição/mês | D8: 53.5 | E8: =C8*D8 -> 0
A9: → Quantidade de móveis armazenados | B9: Peça(s) | C9: 0 | D9: — | E9: — | F9: Informativo (sem cobrança)
A10: → Quantidade de produtos armazenados | B10: Peça(s) | C10: 0 | D10: — | E10: — | F10: Informativo (sem cobrança)
A11: 💰 AD VALOREM (SEGURO SOBRE VALOR DO ESTOQUE)
A12: → Custo Total do Estoque (puxado da aba Resumo) | E12: =Resumo!$E$8 -> 0 | F12: Atualize a aba Resumo ↑
A13: Ad Valorem – 0,50% sobre valor do estoque | B13: — | C13: — | D13: 0.005 | E13: =E12*D13 -> 0 | F13: Calculado automaticamente
A14: 📥 RECEBIMENTO
A15: Recebimento por Pedido – Palete | B15: Palete | C15: 0 | D15: 30 | E15: =C15*D15 -> 0
A16: Recebimento por Pedido – Caixa | B16: Caixa | C16: 0 | D16: 10 | E16: =C16*D16 -> 0
A17: Recebimento por Pedido – Peça | B17: Lote | C17: 0 | D17: 350 | E17: =C17*D17 -> 0
A18: 📤 EXPEDIÇÃO
A19: Expedição por Pedido – Palete | B19: Palete | C19: 0 | D19: 30 | E19: =C19*D19 -> 0
A20: Expedição por Pedido – Caixa | B20: Caixa | C20: 0 | D20: 10 | E20: =C20*D20 -> 0
A21: Expedição por Pedido – Peça | B21: Peça | C21: 0 | D21: 10 | E21: =C21*D21 -> 0
A22: ⚙️ SERVIÇOS DE VALOR AGREGADO
A23: Movimentação Estoque Sistêmico | B23: Evento/mês | C23: 1 | D23: 350 | E23: =C23*D23 -> 350
A24: Embalagem (caixa, fita, stretch, bolha) | B24: Kit | C24: 19 | D24: 20 | E24: =C24*D24 -> 380
A25: Etiquetagem | B25: Etiqueta | C25: 65 | D25: 1.2 | E25: =C25*D25 -> 78
A26: Montagem de Kits | B26: Kit | C26: 0 | D26: 3 | E26: =C26*D26 -> 0
A27: Inventário Físico x Sistêmico | B27: Item | C27: 3471 | D27: 0.2 | E27: =C27*D27 -> 694.2
A28: 🚚 ABASTECIMENTO / TRANSPORTE
A29: Abastecimento BTG SP – 350kg/Semanal | B29: Semana | C29: 2 | D29: 184.68 | E29: =C29*D29 -> 369.36
A30: Abastecimento BTG RJ – 350kg/Quinzenal | B30: Quinzena | C30: 0 | D30: 761.91 | E30: =C30*D30 -> 0
A33: TOTAL DOS SERVIÇOS | E33: =E7+E8+E13+SUM(E15:E17)+SUM(E19:E21)+SUM(E23:E27)+SUM(E29:E30) -> 5349.06

Sheet DEZEMBRO 26
A1: BTG PACTUAL · MODELO DE COBRANÇA — ARMAZENAMENTO & SERVIÇOS
A2: Competência: DEZEMBRO/2026 · Cliente: BTG Pactual · Pallets armazenados: 15
A5: SERVIÇO / ITEM | B5: UNIDADE | C5: QTDE | D5: VALOR UNIT. LPU (R$) | E5: TOTAL (R$) | F5: OBSERVAÇÃO | G5: DATAS DAS SOLICITAÇÕES
A6: 📦 ARMAZENAMENTO
A7: Posição Pallet – Armazenamento mensal | B7: Pallet/mês | C7: 65 | D7: 53.5 | E7: =C7*D7 -> 3477.5
A8: Custo Posição Prateleira | B8: Posição/mês | D8: 53.5 | E8: =C8*D8 -> 0
A9: → Quantidade de móveis armazenados | B9: Peça(s) | C9: 0 | D9: — | E9: — | F9: Informativo (sem cobrança)
A10: → Quantidade de produtos armazenados | B10: Peça(s) | C10: 0 | D10: — | E10: — | F10: Informativo (sem cobrança)
A11: 💰 AD VALOREM (SEGURO SOBRE VALOR DO ESTOQUE)
A12: → Custo Total do Estoque (puxado da aba Resumo) | E12: =Resumo!$E$8 -> 0 | F12: Atualize a aba Resumo ↑
A13: Ad Valorem – 0,50% sobre valor do estoque | B13: — | C13: — | D13: 0.005 | E13: =E12*D13 -> 0 | F13: Calculado automaticamente
A14: 📥 RECEBIMENTO
A15: Recebimento por Pedido – Palete | B15: Palete | C15: 0 | D15: 30 | E15: =C15*D15 -> 0
A16: Recebimento por Pedido – Caixa | B16: Caixa | C16: 0 | D16: 10 | E16: =C16*D16 -> 0
A17: Recebimento por Pedido – Peça | B17: Lote | C17: 0 | D17: 350 | E17: =C17*D17 -> 0
A18: 📤 EXPEDIÇÃO
A19: Expedição por Pedido – Palete | B19: Palete | C19: 0 | D19: 30 | E19: =C19*D19 -> 0
A20: Expedição por Pedido – Caixa | B20: Caixa | C20: 0 | D20: 10 | E20: =C20*D20 -> 0
A21: Expedição por Pedido – Peça | B21: Peça | C21: 0 | D21: 10 | E21: =C21*D21 -> 0
A22: ⚙️ SERVIÇOS DE VALOR AGREGADO
A23: Movimentação Estoque Sistêmico | B23: Evento/mês | C23: 1 | D23: 350 | E23: =C23*D23 -> 350
A24: Embalagem (caixa, fita, stretch, bolha) | B24: Kit | C24: 19 | D24: 20 | E24: =C24*D24 -> 380
A25: Etiquetagem | B25: Etiqueta | C25: 65 | D25: 1.2 | E25: =C25*D25 -> 78
A26: Montagem de Kits | B26: Kit | C26: 0 | D26: 3 | E26: =C26*D26 -> 0
A27: Inventário Físico x Sistêmico | B27: Item | C27: 3471 | D27: 0.2 | E27: =C27*D27 -> 694.2
A28: 🚚 ABASTECIMENTO / TRANSPORTE
A29: Abastecimento BTG SP – 350kg/Semanal | B29: Semana | C29: 2 | D29: 184.68 | E29: =C29*D29 -> 369.36
A30: Abastecimento BTG RJ – 350kg/Quinzenal | B30: Quinzena | C30: 0 | D30: 761.91 | E30: =C30*D30 -> 0
A33: TOTAL DOS SERVIÇOS | E33: =E7+E8+E13+SUM(E15:E17)+SUM(E19:E21)+SUM(E23:E27)+SUM(E29:E30) -> 5349.06
